{"train_loss": [1.002909, 0.204692, 0.141806, 0.123744, 0.11475, 0.109154, 0.102722, 0.091187, 0.084332, 0.080694, 0.077584, 0.07407, 0.068859, 0.061402, 0.054141, 0.04999, 0.048104, 0.046803, 0.045237, 0.044246, 0.043565, 0.042806, 0.042197, 0.041461, 0.041105, 0.040645, 0.040367, 0.039839, 0.039647, 0.039451, 0.039049, 0.038753, 0.038637, 0.038298, 0.038091, 0.037808, 0.037748, 0.037314, 0.037165, 0.037119, 0.036851, 0.036711, 0.036587, 0.036511, 0.03633, 0.036039, 0.035978, 0.036038, 0.035816, 0.03518], "val_loss": [0.316862, 0.155521, 0.130254, 0.11888, 0.11294, 0.106627, 0.098534, 0.087837, 0.084229, 0.080593, 0.078447, 0.073475, 0.067023, 0.061678, 0.053237, 0.051529, 0.050374, 0.048224, 0.046714, 0.046082, 0.044092, 0.043393, 0.042636, 0.043147, 0.042237, 0.041835, 0.041212, 0.041187, 0.04041, 0.044027, 0.040566, 0.04066, 0.039218, 0.03976, 0.039007, 0.040362, 0.038499, 0.038634, 0.03918, 0.038956, 0.038806, 0.03791, 0.03857, 0.037169, 0.037652, 0.037919, 0.037658, 0.037366, 0.037522, 0.035834]}