{"train_loss": [0.455091, 0.314105, 0.289618, 0.272943, 0.253431, 0.232076, 0.212452, 0.195291, 0.181023, 0.170494, 0.16037, 0.152958, 0.148102, 0.144673, 0.136936, 0.12906, 0.125542, 0.123094, 0.121391, 0.119648, 0.118196, 0.116767, 0.114887, 0.112377, 0.111028, 0.109452, 0.108208, 0.107278, 0.106505, 0.105752, 0.105334, 0.104638, 0.104151, 0.103722, 0.102959, 0.102729, 0.102207, 0.101941, 0.101454, 0.101028, 0.100755, 0.100419, 0.099942, 0.099703, 0.099433, 0.098944, 0.098484, 0.098045, 0.097837, 0.097474], "val_loss": [0.327971, 0.292451, 0.272756, 0.254694, 0.232474, 0.210585, 0.192421, 0.173182, 0.162142, 0.150696, 0.142116, 0.137381, 0.134623, 0.131449, 0.118237, 0.113883, 0.111813, 0.110005, 0.107297, 0.105174, 0.105222, 0.102562, 0.101343, 0.099517, 0.09738, 0.096148, 0.095213, 0.094061, 0.09354, 0.092308, 0.092592, 0.091745, 0.09147, 0.090537, 0.090457, 0.089869, 0.089659, 0.089105, 0.088427, 0.089209, 0.088134, 0.088031, 0.087205, 0.08659, 0.085947, 0.086161, 0.086127, 0.085667, 0.085217, 0.08531]}