{
  "after_hours_ratio": 0.1582838988556273,
  "last_logon_hour": 0.15242354288018103,
  "logon_after_hours": 0.14701570003838713,
  "device_count": 0.14237534983071543,
  "http_suspicious": 0.13480261414192393,
  "composite_risk_score": 0.12606091669279043,
  "email_after_hours": 0.117654720656842,
  "file_count": 0.11348711733552161,
  "email_attachments": 0.11205415109351577,
  "total_after_hours": 0.10537517358650793,
  "logon_count": 0.09580369959267523,
  "email_count": 0.09089777770290537,
  "activity_entropy": 0.0813314711065274,
  "http_after_hours": 0.07833240664679678,
  "unique_pcs": 0.0726184143850941,
  "session_span_hours": 0.07249684563824775,
  "email_to_external": 0.07068319485691157,
  "http_count": 0.06902636698123922,
  "first_logon_hour": 0.06718474338510493,
  "total_events": 0.062385235498942676,
  "email_size_total": 0.05726952043523812,
  "device_after_hours": 0.04282035493664256,
  "file_after_hours": 0.021591207886626194,
  "sensitive_file_count": 0.017391431880692535
}